id,link,title
30857595,https://www.idealista.pt/imovel/30857595/,"Moradia em Paço do Lumiar, Lumiar"
30857604,https://www.idealista.pt/imovel/30857604/,"Moradia em Paço do Lumiar, Lumiar"
31508307,https://www.idealista.pt/imovel/31508307/,"Apartamento T3 na rua Professor Simões Raposo, Telheiras, Lumiar"
31492088,https://www.idealista.pt/imovel/31492088/,"Apartamento T2 em Alto do Lumiar - Quinta das Conchas - Quinta do Lambert, Lumiar"
31492087,https://www.idealista.pt/imovel/31492087/,"Apartamento T2 em Alto do Lumiar - Quinta das Conchas - Quinta do Lambert, Lumiar"
31492090,https://www.idealista.pt/imovel/31492090/,"Apartamento T2 em Alto do Lumiar - Quinta das Conchas - Quinta do Lambert, Lumiar"
31492089,https://www.idealista.pt/imovel/31492089/,"Apartamento T2 em Alto do Lumiar - Quinta das Conchas - Quinta do Lambert, Lumiar"
31492086,https://www.idealista.pt/imovel/31492086/,"Apartamento T1 em Alto do Lumiar - Quinta das Conchas - Quinta do Lambert, Lumiar"
29314835,https://www.idealista.pt/imovel/29314835/,"Moradia em Paço do Lumiar, Lumiar"
31507489,https://www.idealista.pt/imovel/31507489/,"Apartamento T3, AV. DAVID MOURÃO FERREIRA, Alto do Lumiar - Quinta das Conchas - Quinta do Lambert, Lumiar"
31507272,https://www.idealista.pt/imovel/31507272/,"Apartamento T2 em Carriche - Hospital das Forças Armadas, Lumiar"
31507262,https://www.idealista.pt/imovel/31507262/,"Apartamento T1 em Centro, Lumiar"
31504073,https://www.idealista.pt/imovel/31504073/,"Apartamento T0 em Alto do Lumiar - Quinta das Conchas - Quinta do Lambert, Lumiar"
31503884,https://www.idealista.pt/imovel/31503884/,"Apartamento T3 em Alto do Lumiar - Quinta das Conchas - Quinta do Lambert, Lumiar"
31503880,https://www.idealista.pt/imovel/31503880/,"Apartamento T4 em Alto do Lumiar - Quinta das Conchas - Quinta do Lambert, Lumiar"
31502919,https://www.idealista.pt/imovel/31502919/,"Apartamento T4 na alameda da Música, 30, Alto do Lumiar - Quinta das Conchas - Quinta do Lambert, Lumiar"
28927433,https://www.idealista.pt/imovel/28927433/,"Apartamento T3 na rua Pedro Bandeira, 8, Alto do Lumiar - Quinta das Conchas - Quinta do Lambert, Lumiar"
31500254,https://www.idealista.pt/imovel/31500254/,"Apartamento T2, Calçada de Carriche, 13, Carriche - Hospital das Forças Armadas, Lumiar"
31500407,https://www.idealista.pt/imovel/31500407/,"Apartamento T4, Praça Professor Rodrigues Lapa, s/n, Telheiras, Lumiar"
31500350,https://www.idealista.pt/imovel/31500350/,"Apartamento T4 em Paço do Lumiar, Lumiar"
31499668,https://www.idealista.pt/imovel/31499668/,"Apartamento T2 na praceta Actor Epifânio, Carriche - Hospital das Forças Armadas, Lumiar"
31499165,https://www.idealista.pt/imovel/31499165/,"Apartamento T4 em Paço do Lumiar, Lumiar"
31499091,https://www.idealista.pt/imovel/31499091/,"Apartamento T4 na estrada do Paço do Lumiar 2, E8, 2º Andar, 2E, 2, Paço do Lumiar, Lumiar"
31498454,https://www.idealista.pt/imovel/31498454/,"Apartamento T2 na rua José Cardoso Pires, Alto do Lumiar - Quinta das Conchas - Quinta do Lambert, Lumiar"
31497860,https://www.idealista.pt/imovel/31497860/,"Apartamento T4 em Alto do Lumiar - Quinta das Conchas - Quinta do Lambert, Lumiar"
31497589,https://www.idealista.pt/imovel/31497589/,"Apartamento T2 em Carriche - Hospital das Forças Armadas, Lumiar"
31496980,https://www.idealista.pt/imovel/31496980/,"Apartamento T3 em Telheiras, Lumiar"
31496570,https://www.idealista.pt/imovel/31496570/,"Apartamento T3 em Telheiras, Lumiar"
31494831,https://www.idealista.pt/imovel/31494831/,"Apartamento T3 na rua Professor Carlos Teixeira, s/n, Telheiras, Lumiar"
31492703,https://www.idealista.pt/imovel/31492703/,"Apartamento T3 na rua Cipriano Dourado, Centro, Lumiar"
31491997,https://www.idealista.pt/imovel/31491997/,"Apartamento T3 em Alto do Lumiar - Quinta das Conchas - Quinta do Lambert, Lumiar"
31491040,https://www.idealista.pt/imovel/31491040/,"Apartamento T3 em Alto do Lumiar - Quinta das Conchas - Quinta do Lambert, Lumiar"
31490922,https://www.idealista.pt/imovel/31490922/,"Apartamento T4 na rua Mário Eloy, s/n, Alto do Lumiar - Quinta das Conchas - Quinta do Lambert, Lumiar"
31490875,https://www.idealista.pt/imovel/31490875/,"Apartamento T1 em Alto do Lumiar - Quinta das Conchas - Quinta do Lambert, Lumiar"
31489937,https://www.idealista.pt/imovel/31489937/,"Apartamento T4 em Alto do Lumiar - Quinta das Conchas - Quinta do Lambert, Lumiar"
31489933,https://www.idealista.pt/imovel/31489933/,"Moradia em Telheiras, Lumiar"
31489524,https://www.idealista.pt/imovel/31489524/,"Apartamento T3 em Carriche - Hospital das Forças Armadas, Lumiar"
31489485,https://www.idealista.pt/imovel/31489485/,"Apartamento T4 em Alto do Lumiar - Quinta das Conchas - Quinta do Lambert, Lumiar"
31489124,https://www.idealista.pt/imovel/31489124/,"Apartamento T2 na rua Francisco Stromp, s/n, Centro, Lumiar"
31327232,https://www.idealista.pt/imovel/31327232/,"Apartamento T1 na avenida David Mourão-Ferreira, Alto do Lumiar - Quinta das Conchas - Quinta do Lambert, Lumiar"
31476302,https://www.idealista.pt/imovel/31476302/,"Apartamento T1 na avenida David Mourão-Ferreira, Alto do Lumiar - Quinta das Conchas - Quinta do Lambert, Lumiar"
31488357,https://www.idealista.pt/imovel/31488357/,"Apartamento T3 na rua Luís Piçarra, s/n, Alto do Lumiar - Quinta das Conchas - Quinta do Lambert, Lumiar"
28057152,https://www.idealista.pt/imovel/28057152/,"Moradia em banda em Paço do Lumiar, Lumiar"
31487208,https://www.idealista.pt/imovel/31487208/,"Apartamento T1 em Centro, Lumiar"
31486886,https://www.idealista.pt/imovel/31486886/,"Apartamento T3 na rua Rainha Dona Luísa de Gusmão, 14, Centro, Lumiar"
31486288,https://www.idealista.pt/imovel/31486288/,"Apartamento T3 na rua Manuel Costa e Silva, s/n, Alto do Lumiar - Quinta das Conchas - Quinta do Lambert, Lumiar"
31486237,https://www.idealista.pt/imovel/31486237/,"Apartamento T1 na rua C da Quinta dos Alcoutins, s/n, Quinta dos Alcoutins, Lumiar"
31486236,https://www.idealista.pt/imovel/31486236/,"Apartamento T1 na rua C da Quinta dos Alcoutins, s/n, Quinta dos Alcoutins, Lumiar"
31485366,https://www.idealista.pt/imovel/31485366/,"Apartamento T4 na rua Professor Simões Raposo, 4, Telheiras, Lumiar"
31485531,https://www.idealista.pt/imovel/31485531/,"Apartamento T1 em Telheiras, Lumiar"
31484665,https://www.idealista.pt/imovel/31484665/,"Apartamento T2, Azinhaga Ulmeiros, Telheiras, Lumiar"
31484472,https://www.idealista.pt/imovel/31484472/,"Apartamento T2 em Carriche - Hospital das Forças Armadas, Lumiar"
31482778,https://www.idealista.pt/imovel/31482778/,"Apartamento T1 na rua Padre Manuel Antunes, Carriche - Hospital das Forças Armadas, Lumiar"
31327053,https://www.idealista.pt/imovel/31327053/,"Apartamento T4 na avenida David Mourão-Ferreira, Alto do Lumiar - Quinta das Conchas - Quinta do Lambert, Lumiar"
31481242,https://www.idealista.pt/imovel/31481242/,"Apartamento T0 em Alto do Lumiar - Quinta das Conchas - Quinta do Lambert, Lumiar"
31480620,https://www.idealista.pt/imovel/31480620/,"Apartamento T2 em Carriche - Hospital das Forças Armadas, Lumiar"
31464725,https://www.idealista.pt/imovel/31464725/,"Apartamento T1 em Alto do Lumiar - Quinta das Conchas - Quinta do Lambert, Lumiar"
31470511,https://www.idealista.pt/imovel/31470511/,"Apartamento T2 em Alto do Lumiar - Quinta das Conchas - Quinta do Lambert, Lumiar"
31479570,https://www.idealista.pt/imovel/31479570/,"Apartamento T2 em Alto do Lumiar - Quinta das Conchas - Quinta do Lambert, Lumiar"
31479739,https://www.idealista.pt/imovel/31479739/,"Apartamento T3 na rua Luís Piçarra, Alto do Lumiar - Quinta das Conchas - Quinta do Lambert, Lumiar"
31479154,https://www.idealista.pt/imovel/31479154/,"Apartamento T3 na rua Professor Simões Raposo, 15, Telheiras, Lumiar"
31478180,https://www.idealista.pt/imovel/31478180/,"Apartamento T5 na rua Fernando Namora, s/n, Telheiras, Lumiar"
31477381,https://www.idealista.pt/imovel/31477381/,"Apartamento T3 em Telheiras, Lumiar"
31477143,https://www.idealista.pt/imovel/31477143/,"Apartamento T3 em Telheiras, Lumiar"
31476289,https://www.idealista.pt/imovel/31476289/,"Apartamento T1 na avenida David Mourão-Ferreira, Alto do Lumiar - Quinta das Conchas - Quinta do Lambert, Lumiar"
31327236,https://www.idealista.pt/imovel/31327236/,"Apartamento T1 na avenida David Mourão-Ferreira, Alto do Lumiar - Quinta das Conchas - Quinta do Lambert, Lumiar"
31476426,https://www.idealista.pt/imovel/31476426/,"Apartamento T2 em Centro, Lumiar"
31476300,https://www.idealista.pt/imovel/31476300/,"Apartamento T3 na avenida David Mourão-Ferreira, Alto do Lumiar - Quinta das Conchas - Quinta do Lambert, Lumiar"
31476298,https://www.idealista.pt/imovel/31476298/,"Apartamento T2 na avenida David Mourão-Ferreira, Alto do Lumiar - Quinta das Conchas - Quinta do Lambert, Lumiar"
31327250,https://www.idealista.pt/imovel/31327250/,"Apartamento T1 na avenida David Mourão-Ferreira, Alto do Lumiar - Quinta das Conchas - Quinta do Lambert, Lumiar"
31476100,https://www.idealista.pt/imovel/31476100/,"Apartamento T4 na avenida David Mourão-Ferreira, Alto do Lumiar - Quinta das Conchas - Quinta do Lambert, Lumiar"
31475873,https://www.idealista.pt/imovel/31475873/,"Apartamento T2 na rua Maurício de Vasconcelos, s/n, Quinta dos Alcoutins, Lumiar"
31474458,https://www.idealista.pt/imovel/31474458/,"Apartamento T4 em Centro, Lumiar"
31472346,https://www.idealista.pt/imovel/31472346/,"Apartamento T2 em Alto do Lumiar - Quinta das Conchas - Quinta do Lambert, Lumiar"
31471935,https://www.idealista.pt/imovel/31471935/,"Apartamento T2 em Alto do Lumiar - Quinta das Conchas - Quinta do Lambert, Lumiar"
31471705,https://www.idealista.pt/imovel/31471705/,"Apartamento T3 em Centro, Lumiar"
31469573,https://www.idealista.pt/imovel/31469573/,"Apartamento T1 na alameda das Linhas de Torres, 163, Centro, Lumiar"
31470507,https://www.idealista.pt/imovel/31470507/,"Apartamento T2 na rua Comandante Fontoura da Costa, 4, Carriche - Hospital das Forças Armadas, Lumiar"
31470431,https://www.idealista.pt/imovel/31470431/,"Apartamento T3 na rua Nóbrega e Sousa, 1, Alto do Lumiar - Quinta das Conchas - Quinta do Lambert, Lumiar"
31469935,https://www.idealista.pt/imovel/31469935/,"Apartamento T3 em Telheiras, Lumiar"
31469765,https://www.idealista.pt/imovel/31469765/,"Apartamento T4 na rua Ventura Abrantes, Alto do Lumiar - Quinta das Conchas - Quinta do Lambert, Lumiar"
31469123,https://www.idealista.pt/imovel/31469123/,"Apartamento T4 em Telheiras, Lumiar"
31468244,https://www.idealista.pt/imovel/31468244/,"Apartamento T3 em Telheiras, Lumiar"
31464424,https://www.idealista.pt/imovel/31464424/,"Apartamento T3, Praça Rainha Santa, 1, Centro, Lumiar"
31465337,https://www.idealista.pt/imovel/31465337/,"Apartamento T3 em Centro, Lumiar"
31464292,https://www.idealista.pt/imovel/31464292/,"Apartamento T4 em Alto do Lumiar - Quinta das Conchas - Quinta do Lambert, Lumiar"
31461626,https://www.idealista.pt/imovel/31461626/,"Apartamento T3 em Telheiras, Lumiar"
31460553,https://www.idealista.pt/imovel/31460553/,"Apartamento T4 na rua António Lopes Ribeiro, s/n, Alto do Lumiar - Quinta das Conchas - Quinta do Lambert, Lumiar"
31460519,https://www.idealista.pt/imovel/31460519/,"Apartamento T3 na rua Professor Fernando da Fonseca, s/n, Centro, Lumiar"
31459718,https://www.idealista.pt/imovel/31459718/,"Apartamento T4 em Centro, Lumiar"
31456617,https://www.idealista.pt/imovel/31456617/,"Apartamento T1 em Alto do Lumiar - Quinta das Conchas - Quinta do Lambert, Lumiar"
31455280,https://www.idealista.pt/imovel/31455280/,"Apartamento T1 na rua Padre Manuel Antunes, Carriche - Hospital das Forças Armadas, Lumiar"
31450564,https://www.idealista.pt/imovel/31450564/,"Apartamento T1 na rua Professor Francisco Gentil, 6, Telheiras, Lumiar"
31449899,https://www.idealista.pt/imovel/31449899/,"Apartamento T4 em Alto do Lumiar - Quinta das Conchas - Quinta do Lambert, Lumiar"
31448646,https://www.idealista.pt/imovel/31448646/,"Apartamento T3 em Telheiras, Lumiar"
31448177,https://www.idealista.pt/imovel/31448177/,"Apartamento T2 em Alto do Lumiar - Quinta das Conchas - Quinta do Lambert, Lumiar"
31447894,https://www.idealista.pt/imovel/31447894/,"Apartamento T3 na avenida David Mourão-Ferreira, s/n, Alto do Lumiar - Quinta das Conchas - Quinta do Lambert, Lumiar"
31443724,https://www.idealista.pt/imovel/31443724/,"Apartamento T2 na rua Amílcar Cabral, Alto do Lumiar - Quinta das Conchas - Quinta do Lambert, Lumiar"
31443264,https://www.idealista.pt/imovel/31443264/,"Apartamento T3 em Telheiras, Lumiar"
31442684,https://www.idealista.pt/imovel/31442684/,"Apartamento T5 em Telheiras, Lumiar"
31442495,https://www.idealista.pt/imovel/31442495/,"Duplex em Telheiras, Lumiar"
31152684,https://www.idealista.pt/imovel/31152684/,"Apartamento T4 em Alto do Lumiar - Quinta das Conchas - Quinta do Lambert, Lumiar"
31442091,https://www.idealista.pt/imovel/31442091/,"Apartamento T2 em Alto do Lumiar - Quinta das Conchas - Quinta do Lambert, Lumiar"
31441593,https://www.idealista.pt/imovel/31441593/,"Apartamento T3 em Carriche - Hospital das Forças Armadas, Lumiar"
31440894,https://www.idealista.pt/imovel/31440894/,"Apartamento T3 em Telheiras, Lumiar"
31437361,https://www.idealista.pt/imovel/31437361/,"Apartamento T4 em Telheiras, Lumiar"
31327211,https://www.idealista.pt/imovel/31327211/,"Apartamento T4 na avenida David Mourão-Ferreira, Alto do Lumiar - Quinta das Conchas - Quinta do Lambert, Lumiar"
31435505,https://www.idealista.pt/imovel/31435505/,"Apartamento T2 na rua BELO MARQUES, Alto do Lumiar - Quinta das Conchas - Quinta do Lambert, Lumiar"
31435308,https://www.idealista.pt/imovel/31435308/,"Apartamento T1 em Telheiras, Lumiar"
29595298,https://www.idealista.pt/imovel/29595298/,"Apartamento T4 em Telheiras, Lumiar"
31432639,https://www.idealista.pt/imovel/31432639/,"Apartamento T3 em Telheiras, Lumiar"
31432826,https://www.idealista.pt/imovel/31432826/,"Apartamento T3 na rua Alexandre Ferreira, 29, Carriche - Hospital das Forças Armadas, Lumiar"
31432020,https://www.idealista.pt/imovel/31432020/,"Apartamento T4 na rua Joaquim Rodrigo, s/n, Quinta dos Alcoutins, Lumiar"
31431988,https://www.idealista.pt/imovel/31431988/,"Apartamento T3 na estrada do Desvio, Calçada de Carriche, s/n, Carriche - Hospital das Forças Armadas, Lumiar"
31431986,https://www.idealista.pt/imovel/31431986/,"Apartamento T2 na estrada do Desvio, Calçada de Carriche, s/n, Carriche - Hospital das Forças Armadas, Lumiar"
31431713,https://www.idealista.pt/imovel/31431713/,"Apartamento T3 em Telheiras, Lumiar"
31430674,https://www.idealista.pt/imovel/31430674/,"Apartamento T3, Av. David Mourão Ferreira, Alto do Lumiar - Quinta das Conchas - Quinta do Lambert, Lumiar"
31430498,https://www.idealista.pt/imovel/31430498/,"Moradia em Telheiras, Lumiar"
31428364,https://www.idealista.pt/imovel/31428364/,"Apartamento T3 em Alto do Lumiar - Quinta das Conchas - Quinta do Lambert, Lumiar"
31172595,https://www.idealista.pt/imovel/31172595/,"Apartamento T2 na rua Elina Guimarães, s/n, Carriche - Hospital das Forças Armadas, Lumiar"
31427816,https://www.idealista.pt/imovel/31427816/,"Apartamento T4 na rua david mouro ferreira, Alto do Lumiar - Quinta das Conchas - Quinta do Lambert, Lumiar"
31427499,https://www.idealista.pt/imovel/31427499/,"Duplex na rua Professor Luís Reis Santos, 3, Telheiras, Lumiar"
31427471,https://www.idealista.pt/imovel/31427471/,"Apartamento T3 em Alto do Lumiar - Quinta das Conchas - Quinta do Lambert, Lumiar"
31427311,https://www.idealista.pt/imovel/31427311/,"Apartamento T2, Av. David Mourão Ferreira, Alto do Lumiar - Quinta das Conchas - Quinta do Lambert, Lumiar"
31427161,https://www.idealista.pt/imovel/31427161/,"Apartamento T2, Av. David Mourão Ferreira, Alto do Lumiar - Quinta das Conchas - Quinta do Lambert, Lumiar"
31427116,https://www.idealista.pt/imovel/31427116/,"Apartamento T2, Av. David Mourão Ferreira, Alto do Lumiar - Quinta das Conchas - Quinta do Lambert, Lumiar"
31426832,https://www.idealista.pt/imovel/31426832/,"Apartamento T4 na rua Shegundo Galarza, s/n, Alto do Lumiar - Quinta das Conchas - Quinta do Lambert, Lumiar"
31425531,https://www.idealista.pt/imovel/31425531/,"Apartamento T4 na rua Shegundo Galarza, Alto do Lumiar - Quinta das Conchas - Quinta do Lambert, Lumiar"
31424816,https://www.idealista.pt/imovel/31424816/,"Apartamento T3 em Carriche - Hospital das Forças Armadas, Lumiar"
31424756,https://www.idealista.pt/imovel/31424756/,"Apartamento T1 em Centro, Lumiar"
31423311,https://www.idealista.pt/imovel/31423311/,"Apartamento T3 na rua Professor Mark Athias, 5, Telheiras, Lumiar"
31423013,https://www.idealista.pt/imovel/31423013/,"Apartamento T2 em Quinta dos Alcoutins, Lumiar"
31422690,https://www.idealista.pt/imovel/31422690/,"Apartamento T1 em Centro, Lumiar"
31419621,https://www.idealista.pt/imovel/31419621/,"Apartamento T4 em Centro, Lumiar"
31418852,https://www.idealista.pt/imovel/31418852/,"Apartamento T1, Av. David Mourão Ferreira, Alto do Lumiar - Quinta das Conchas - Quinta do Lambert, Lumiar"
31417396,https://www.idealista.pt/imovel/31417396/,"Apartamento T2 na rua Amílcar Cabral, s/n, Alto do Lumiar - Quinta das Conchas - Quinta do Lambert, Lumiar"
31417347,https://www.idealista.pt/imovel/31417347/,"Apartamento T4 na rua Mário Eloy, s/n, Alto do Lumiar - Quinta das Conchas - Quinta do Lambert, Lumiar"
31417295,https://www.idealista.pt/imovel/31417295/,"Apartamento T5 em Telheiras, Lumiar"
31415903,https://www.idealista.pt/imovel/31415903/,"Apartamento T2 na alameda da Música, Alto do Lumiar - Quinta das Conchas - Quinta do Lambert, Lumiar"
31415663,https://www.idealista.pt/imovel/31415663/,"Apartamento T2 em Carriche - Hospital das Forças Armadas, Lumiar"
31415491,https://www.idealista.pt/imovel/31415491/,"Apartamento T3 em Telheiras, Lumiar"
31148305,https://www.idealista.pt/imovel/31148305/,"Apartamento T3 na rua Manuel da Silva, s/n, Alto do Lumiar - Quinta das Conchas - Quinta do Lambert, Lumiar"
31414103,https://www.idealista.pt/imovel/31414103/,"Apartamento T3 em Quinta dos Alcoutins, Lumiar"
31411800,https://www.idealista.pt/imovel/31411800/,"Apartamento T3 na rua Pedro Queiroz Pereira, Alto do Lumiar - Quinta das Conchas - Quinta do Lambert, Lumiar"
31410867,https://www.idealista.pt/imovel/31410867/,"Apartamento T3 na rua Agostinho Neto, Alto do Lumiar - Quinta das Conchas - Quinta do Lambert, Lumiar"
31409352,https://www.idealista.pt/imovel/31409352/,"Apartamento T2 em Quinta dos Alcoutins, Lumiar"
31407705,https://www.idealista.pt/imovel/31407705/,"Apartamento T2 na rua Professor Hernâni Cidade, 1, Telheiras, Lumiar"
31406120,https://www.idealista.pt/imovel/31406120/,"Apartamento T2 em Telheiras, Lumiar"
31343144,https://www.idealista.pt/imovel/31343144/,"Apartamento T2 em Alto do Lumiar - Quinta das Conchas - Quinta do Lambert, Lumiar"
31404366,https://www.idealista.pt/imovel/31404366/,"Apartamento T1 na rua Helena Vaz da Silva, s/n, Alto do Lumiar - Quinta das Conchas - Quinta do Lambert, Lumiar"
31403180,https://www.idealista.pt/imovel/31403180/,"Apartamento T5 em Paço do Lumiar, Lumiar"
31403078,https://www.idealista.pt/imovel/31403078/,"Apartamento T3 em Alto do Lumiar - Quinta das Conchas - Quinta do Lambert, Lumiar"
31403003,https://www.idealista.pt/imovel/31403003/,"Apartamento T4 em Centro, Lumiar"
31401773,https://www.idealista.pt/imovel/31401773/,"Apartamento T4 em Centro, Lumiar"
31401448,https://www.idealista.pt/imovel/31401448/,"Apartamento T2 na rua Professor Mário de Albuquerque, 20, Telheiras, Lumiar"
31400936,https://www.idealista.pt/imovel/31400936/,"Apartamento T3 em Telheiras, Lumiar"
31383956,https://www.idealista.pt/imovel/31383956/,"Apartamento T3 em Alto do Lumiar - Quinta das Conchas - Quinta do Lambert, Lumiar"
31398582,https://www.idealista.pt/imovel/31398582/,"Apartamento T2 em Telheiras, Lumiar"
31397712,https://www.idealista.pt/imovel/31397712/,"Apartamento T4 na rua Luís de Freitas Branco, Centro, Lumiar"
31396065,https://www.idealista.pt/imovel/31396065/,"Apartamento T4 na avenida Rainha Dona Amélia, Centro, Lumiar"
31395498,https://www.idealista.pt/imovel/31395498/,"Apartamento T2 em Carriche - Hospital das Forças Armadas, Lumiar"
31392599,https://www.idealista.pt/imovel/31392599/,"Apartamento T3 em Telheiras, Lumiar"
31392278,https://www.idealista.pt/imovel/31392278/,"Apartamento T3 em Alto do Lumiar - Quinta das Conchas - Quinta do Lambert, Lumiar"
31392027,https://www.idealista.pt/imovel/31392027/,"Apartamento T3 na rua Republica do Paraguai, Alto do Lumiar - Quinta das Conchas - Quinta do Lambert, Lumiar"
31390197,https://www.idealista.pt/imovel/31390197/,"Apartamento T4 na alameda Das Linhas Torres, Alto do Lumiar - Quinta das Conchas - Quinta do Lambert, Lumiar"
31389842,https://www.idealista.pt/imovel/31389842/,"Apartamento T4 na rua Daciano Costa, s/n, Quinta dos Alcoutins, Lumiar"
31387853,https://www.idealista.pt/imovel/31387853/,"Apartamento T4 na rua José Travassos, Centro, Lumiar"
31387329,https://www.idealista.pt/imovel/31387329/,"Apartamento T4 na rua Ventura Abrantes, s/n, Alto do Lumiar - Quinta das Conchas - Quinta do Lambert, Lumiar"
31382136,https://www.idealista.pt/imovel/31382136/,"Apartamento T3 em Centro, Lumiar"
31379132,https://www.idealista.pt/imovel/31379132/,"Apartamento T4 na alameda da Música, Alto do Lumiar - Quinta das Conchas - Quinta do Lambert, Lumiar"
31376328,https://www.idealista.pt/imovel/31376328/,"Apartamento T3 na rua Amílcar Cabral, Alto do Lumiar - Quinta das Conchas - Quinta do Lambert, Lumiar"
31375240,https://www.idealista.pt/imovel/31375240/,"Apartamento T3 em Centro, Lumiar"
31373558,https://www.idealista.pt/imovel/31373558/,"Apartamento T3 em Alto do Lumiar - Quinta das Conchas - Quinta do Lambert, Lumiar"
30769694,https://www.idealista.pt/imovel/30769694/,"Apartamento T2 em Alto do Lumiar - Quinta das Conchas - Quinta do Lambert, Lumiar"
31371627,https://www.idealista.pt/imovel/31371627/,"Apartamento T1 na rua Mário Castrim, 7, Alto do Lumiar - Quinta das Conchas - Quinta do Lambert, Lumiar"
31372776,https://www.idealista.pt/imovel/31372776/,"Apartamento T4 em Telheiras, Lumiar"
31371798,https://www.idealista.pt/imovel/31371798/,"Apartamento T1 em Telheiras, Lumiar"
31246699,https://www.idealista.pt/imovel/31246699/,"Apartamento T2 na rua professor alfredo de sousa, Telheiras, Lumiar"
31369704,https://www.idealista.pt/imovel/31369704/,"Apartamento T3 na rua Ernesto Costa, 4, Centro, Lumiar"
31365199,https://www.idealista.pt/imovel/31365199/,"Apartamento T3 na rua Professor Luis da Cunha Gonçalves, Telheiras, Lumiar"
31362650,https://www.idealista.pt/imovel/31362650/,"Apartamento T3 em Centro, Lumiar"
30367210,https://www.idealista.pt/imovel/30367210/,"Apartamento T3 em Centro, Lumiar"
31358406,https://www.idealista.pt/imovel/31358406/,"Apartamento T3 na rua Professor Luis da Cunha Gonçalves, s/n, Telheiras, Lumiar"
31356718,https://www.idealista.pt/imovel/31356718/,"Apartamento T3 na rua Casal dos Alcoutins, s/n, Quinta dos Alcoutins, Lumiar"
31356709,https://www.idealista.pt/imovel/31356709/,"Apartamento T1 na rua Casal dos Alcoutins, s/n, Quinta dos Alcoutins, Lumiar"
31356716,https://www.idealista.pt/imovel/31356716/,"Apartamento T2 na rua Casal dos Alcoutins, s/n, Quinta dos Alcoutins, Lumiar"
31356710,https://www.idealista.pt/imovel/31356710/,"Apartamento T1 na rua Casal dos Alcoutins, s/n, Quinta dos Alcoutins, Lumiar"
31353509,https://www.idealista.pt/imovel/31353509/,"Apartamento T3 na rua Daciano Costa, Quinta dos Alcoutins, Lumiar"
31352607,https://www.idealista.pt/imovel/31352607/,"Apartamento T4, Praça Rainha Dona Filipa, 9, Centro, Lumiar"
31350930,https://www.idealista.pt/imovel/31350930/,"Apartamento T4 em Quinta dos Alcoutins, Lumiar"
31139498,https://www.idealista.pt/imovel/31139498/,"Apartamento T3 em Centro, Lumiar"
31347575,https://www.idealista.pt/imovel/31347575/,"Apartamento T3 na rua David Mourão Ferreira, s/n, Alto do Lumiar - Quinta das Conchas - Quinta do Lambert, Lumiar"
31347484,https://www.idealista.pt/imovel/31347484/,"Apartamento T3 na rua David Mourão Ferreira, s/n, Alto do Lumiar - Quinta das Conchas - Quinta do Lambert, Lumiar"
31347550,https://www.idealista.pt/imovel/31347550/,"Apartamento T3 na rua David Mourão Ferreira, s/n, Alto do Lumiar - Quinta das Conchas - Quinta do Lambert, Lumiar"
31347564,https://www.idealista.pt/imovel/31347564/,"Apartamento T3 na rua David Mourão Ferreira, s/n, Alto do Lumiar - Quinta das Conchas - Quinta do Lambert, Lumiar"
31347549,https://www.idealista.pt/imovel/31347549/,"Apartamento T3 na rua David Mourão Ferreira, s/n, Alto do Lumiar - Quinta das Conchas - Quinta do Lambert, Lumiar"
31347162,https://www.idealista.pt/imovel/31347162/,"Apartamento T1 na rua padre manuel antunes, Quinta dos Alcoutins, Lumiar"
31346266,https://www.idealista.pt/imovel/31346266/,"Apartamento T2 no largo São João Baptista, Paço do Lumiar, Lumiar"
31345056,https://www.idealista.pt/imovel/31345056/,"Apartamento T4 em Alto do Lumiar - Quinta das Conchas - Quinta do Lambert, Lumiar"
31344081,https://www.idealista.pt/imovel/31344081/,"Apartamento T5 em Centro, Lumiar"
31342530,https://www.idealista.pt/imovel/31342530/,"Duplex na rua Professor João Barreira, Telheiras, Lumiar"
31341968,https://www.idealista.pt/imovel/31341968/,"Apartamento T1 na rua David Mourão Ferreira, s/n, Alto do Lumiar - Quinta das Conchas - Quinta do Lambert, Lumiar"
31341932,https://www.idealista.pt/imovel/31341932/,"Apartamento T1 na rua David Mourão Ferreira, s/n, Alto do Lumiar - Quinta das Conchas - Quinta do Lambert, Lumiar"
31341736,https://www.idealista.pt/imovel/31341736/,"Apartamento T4 em Centro, Lumiar"
31340902,https://www.idealista.pt/imovel/31340902/,"Apartamento T2 na rua David Mourão Ferreira, s/n, Alto do Lumiar - Quinta das Conchas - Quinta do Lambert, Lumiar"
31340903,https://www.idealista.pt/imovel/31340903/,"Apartamento T2 na rua David Mourão Ferreira, s/n, Alto do Lumiar - Quinta das Conchas - Quinta do Lambert, Lumiar"
31340939,https://www.idealista.pt/imovel/31340939/,"Apartamento T2 na rua David Mourão Ferreira, s/n, Alto do Lumiar - Quinta das Conchas - Quinta do Lambert, Lumiar"
31340904,https://www.idealista.pt/imovel/31340904/,"Apartamento T2 na rua David Mourão Ferreira, s/n, Alto do Lumiar - Quinta das Conchas - Quinta do Lambert, Lumiar"
31340938,https://www.idealista.pt/imovel/31340938/,"Apartamento T2 na rua David Mourão Ferreira, s/n, Alto do Lumiar - Quinta das Conchas - Quinta do Lambert, Lumiar"
31340901,https://www.idealista.pt/imovel/31340901/,"Apartamento T2 na rua David Mourão Ferreira, s/n, Alto do Lumiar - Quinta das Conchas - Quinta do Lambert, Lumiar"
31340960,https://www.idealista.pt/imovel/31340960/,"Apartamento T4 na rua David Mourão Ferreira, s/n, Alto do Lumiar - Quinta das Conchas - Quinta do Lambert, Lumiar"
31340954,https://www.idealista.pt/imovel/31340954/,"Apartamento T4 na rua David Mourão Ferreira, s/n, Alto do Lumiar - Quinta das Conchas - Quinta do Lambert, Lumiar"
31340952,https://www.idealista.pt/imovel/31340952/,"Apartamento T4 na rua David Mourão Ferreira, s/n, Alto do Lumiar - Quinta das Conchas - Quinta do Lambert, Lumiar"
31340953,https://www.idealista.pt/imovel/31340953/,"Apartamento T4 na rua David Mourão Ferreira, s/n, Alto do Lumiar - Quinta das Conchas - Quinta do Lambert, Lumiar"
31340955,https://www.idealista.pt/imovel/31340955/,"Apartamento T3 na rua David Mourão Ferreira, s/n, Alto do Lumiar - Quinta das Conchas - Quinta do Lambert, Lumiar"
31340951,https://www.idealista.pt/imovel/31340951/,"Apartamento T4 na rua David Mourão Ferreira, s/n, Alto do Lumiar - Quinta das Conchas - Quinta do Lambert, Lumiar"
31340943,https://www.idealista.pt/imovel/31340943/,"Apartamento T3 na rua David Mourão Ferreira, s/n, Alto do Lumiar - Quinta das Conchas - Quinta do Lambert, Lumiar"
31340918,https://www.idealista.pt/imovel/31340918/,"Apartamento T1 na rua David Mourão Ferreira, s/n, Alto do Lumiar - Quinta das Conchas - Quinta do Lambert, Lumiar"
31340948,https://www.idealista.pt/imovel/31340948/,"Apartamento T3 na rua David Mourão Ferreira, s/n, Alto do Lumiar - Quinta das Conchas - Quinta do Lambert, Lumiar"
31340946,https://www.idealista.pt/imovel/31340946/,"Apartamento T3 na rua David Mourão Ferreira, s/n, Alto do Lumiar - Quinta das Conchas - Quinta do Lambert, Lumiar"
31340944,https://www.idealista.pt/imovel/31340944/,"Apartamento T3 na rua David Mourão Ferreira, s/n, Alto do Lumiar - Quinta das Conchas - Quinta do Lambert, Lumiar"
31340940,https://www.idealista.pt/imovel/31340940/,"Apartamento T3 na rua David Mourão Ferreira, s/n, Alto do Lumiar - Quinta das Conchas - Quinta do Lambert, Lumiar"
31340949,https://www.idealista.pt/imovel/31340949/,"Apartamento T3 na rua David Mourão Ferreira, s/n, Alto do Lumiar - Quinta das Conchas - Quinta do Lambert, Lumiar"
31340947,https://www.idealista.pt/imovel/31340947/,"Apartamento T3 na rua David Mourão Ferreira, s/n, Alto do Lumiar - Quinta das Conchas - Quinta do Lambert, Lumiar"
31340950,https://www.idealista.pt/imovel/31340950/,"Apartamento T4 na rua David Mourão Ferreira, s/n, Alto do Lumiar - Quinta das Conchas - Quinta do Lambert, Lumiar"
31340899,https://www.idealista.pt/imovel/31340899/,"Apartamento T1 na rua David Mourão Ferreira, s/n, Alto do Lumiar - Quinta das Conchas - Quinta do Lambert, Lumiar"
31328429,https://www.idealista.pt/imovel/31328429/,"Duplex na rua Professor Delfim Santos, Telheiras, Lumiar"
31338288,https://www.idealista.pt/imovel/31338288/,"Apartamento T5 em Alto do Lumiar - Quinta das Conchas - Quinta do Lambert, Lumiar"
31336461,https://www.idealista.pt/imovel/31336461/,"Apartamento T1 em Quinta dos Alcoutins, Lumiar"
31146740,https://www.idealista.pt/imovel/31146740/,"Apartamento T2 na alameda das Linhas de Torres, Alto do Lumiar - Quinta das Conchas - Quinta do Lambert, Lumiar"
31335727,https://www.idealista.pt/imovel/31335727/,"Apartamento T5 na alameda da Música, Alto do Lumiar - Quinta das Conchas - Quinta do Lambert, Lumiar"
31335404,https://www.idealista.pt/imovel/31335404/,"Apartamento T2 na rua Daciano Costa, 22, Quinta dos Alcoutins, Lumiar"
31331429,https://www.idealista.pt/imovel/31331429/,"Apartamento T3 em Telheiras, Lumiar"
31330361,https://www.idealista.pt/imovel/31330361/,"Apartamento T4 em Alto do Lumiar - Quinta das Conchas - Quinta do Lambert, Lumiar"
31328189,https://www.idealista.pt/imovel/31328189/,"Apartamento T4 em Carriche - Hospital das Forças Armadas, Lumiar"
31327043,https://www.idealista.pt/imovel/31327043/,"Apartamento T4 na avenida David Mourão-Ferreira, Alto do Lumiar - Quinta das Conchas - Quinta do Lambert, Lumiar"
31327048,https://www.idealista.pt/imovel/31327048/,"Apartamento T3 na avenida David Mourão-Ferreira, Alto do Lumiar - Quinta das Conchas - Quinta do Lambert, Lumiar"
31327047,https://www.idealista.pt/imovel/31327047/,"Apartamento T3 na avenida David Mourão-Ferreira, Alto do Lumiar - Quinta das Conchas - Quinta do Lambert, Lumiar"
31327041,https://www.idealista.pt/imovel/31327041/,"Apartamento T2 na avenida David Mourão-Ferreira, Alto do Lumiar - Quinta das Conchas - Quinta do Lambert, Lumiar"
31327040,https://www.idealista.pt/imovel/31327040/,"Apartamento T2 na avenida David Mourão-Ferreira, Alto do Lumiar - Quinta das Conchas - Quinta do Lambert, Lumiar"
31327045,https://www.idealista.pt/imovel/31327045/,"Apartamento T2 na avenida David Mourão-Ferreira, Alto do Lumiar - Quinta das Conchas - Quinta do Lambert, Lumiar"
31326950,https://www.idealista.pt/imovel/31326950/,"Apartamento T4 na avenida David Mourão-Ferreira, Alto do Lumiar - Quinta das Conchas - Quinta do Lambert, Lumiar"
31326123,https://www.idealista.pt/imovel/31326123/,"Apartamento T3 na rua Maurício de Vasconcelos, Quinta dos Alcoutins, Lumiar"
31325404,https://www.idealista.pt/imovel/31325404/,"Apartamento T1 em Alto do Lumiar - Quinta das Conchas - Quinta do Lambert, Lumiar"
31325370,https://www.idealista.pt/imovel/31325370/,"Apartamento T2 na rua Padre Manuel Antunes, Carriche - Hospital das Forças Armadas, Lumiar"
31325396,https://www.idealista.pt/imovel/31325396/,"Apartamento T3, quinta dos Alcoutins, Quinta dos Alcoutins, Lumiar"
31323861,https://www.idealista.pt/imovel/31323861/,"Apartamento T3 em Centro, Lumiar"
31323065,https://www.idealista.pt/imovel/31323065/,"Apartamento T4 em Telheiras, Lumiar"
31321876,https://www.idealista.pt/imovel/31321876/,"Apartamento T4 em Centro, Lumiar"
31321291,https://www.idealista.pt/imovel/31321291/,"Apartamento T3 na rua Professor Simões Raposo, s/n, Telheiras, Lumiar"
31320351,https://www.idealista.pt/imovel/31320351/,"Apartamento T2 na rua André de Gouveia, Carriche - Hospital das Forças Armadas, Lumiar"
31315908,https://www.idealista.pt/imovel/31315908/,"Apartamento T0 em Alto do Lumiar - Quinta das Conchas - Quinta do Lambert, Lumiar"
31315907,https://www.idealista.pt/imovel/31315907/,"Apartamento T1 em Alto do Lumiar - Quinta das Conchas - Quinta do Lambert, Lumiar"
31315634,https://www.idealista.pt/imovel/31315634/,"Apartamento T1 na rua Padre Manuel Antunes, Carriche - Hospital das Forças Armadas, Lumiar"
31312584,https://www.idealista.pt/imovel/31312584/,"Apartamento T3 em Alto do Lumiar - Quinta das Conchas - Quinta do Lambert, Lumiar"
31313310,https://www.idealista.pt/imovel/31313310/,"Apartamento T2 em Alto do Lumiar - Quinta das Conchas - Quinta do Lambert, Lumiar"
31312856,https://www.idealista.pt/imovel/31312856/,"Apartamento T2 em Alto do Lumiar - Quinta das Conchas - Quinta do Lambert, Lumiar"
31312801,https://www.idealista.pt/imovel/31312801/,"Apartamento T2 em Alto do Lumiar - Quinta das Conchas - Quinta do Lambert, Lumiar"
31312591,https://www.idealista.pt/imovel/31312591/,"Apartamento T1 em Alto do Lumiar - Quinta das Conchas - Quinta do Lambert, Lumiar"
31312552,https://www.idealista.pt/imovel/31312552/,"Apartamento T1 em Alto do Lumiar - Quinta das Conchas - Quinta do Lambert, Lumiar"
31312322,https://www.idealista.pt/imovel/31312322/,"Apartamento T3 em Carriche - Hospital das Forças Armadas, Lumiar"
31170171,https://www.idealista.pt/imovel/31170171/,"Apartamento T4 na avenida David Mourão-Ferreira, Alto do Lumiar - Quinta das Conchas - Quinta do Lambert, Lumiar"
30749741,https://www.idealista.pt/imovel/30749741/,"Apartamento T2 na estrada Desvio, 38, Paço do Lumiar, Lumiar"
31309062,https://www.idealista.pt/imovel/31309062/,"Duplex em Quinta dos Alcoutins, Lumiar"
31308227,https://www.idealista.pt/imovel/31308227/,"Apartamento T4 na rua Leopoldo de Almeida, s/n, Alto do Lumiar - Quinta das Conchas - Quinta do Lambert, Lumiar"
31307460,https://www.idealista.pt/imovel/31307460/,"Apartamento T3 na avenida David Mourão-Ferreira, 63, Alto do Lumiar - Quinta das Conchas - Quinta do Lambert, Lumiar"
31306103,https://www.idealista.pt/imovel/31306103/,"Apartamento T3 em Alto do Lumiar - Quinta das Conchas - Quinta do Lambert, Lumiar"
31305940,https://www.idealista.pt/imovel/31305940/,"Apartamento T3 na rua Amílcar Cabral, s/n, Alto do Lumiar - Quinta das Conchas - Quinta do Lambert, Lumiar"
31302204,https://www.idealista.pt/imovel/31302204/,"Apartamento T1 em Centro, Lumiar"
31304787,https://www.idealista.pt/imovel/31304787/,"Apartamento T3 em Alto do Lumiar - Quinta das Conchas - Quinta do Lambert, Lumiar"
31303265,https://www.idealista.pt/imovel/31303265/,"Apartamento T3 em Alto do Lumiar - Quinta das Conchas - Quinta do Lambert, Lumiar"
31302759,https://www.idealista.pt/imovel/31302759/,"Apartamento T3 na rua Professor Simões Raposo, Telheiras, Lumiar"
31298380,https://www.idealista.pt/imovel/31298380/,"Apartamento T3 em Alto do Lumiar - Quinta das Conchas - Quinta do Lambert, Lumiar"
31298215,https://www.idealista.pt/imovel/31298215/,"Apartamento T3 em Alto do Lumiar - Quinta das Conchas - Quinta do Lambert, Lumiar"
31296146,https://www.idealista.pt/imovel/31296146/,"Apartamento T4 na rua Professor Pinto Peixoto, s/n, Telheiras, Lumiar"
31295679,https://www.idealista.pt/imovel/31295679/,"Apartamento T5 na avenida Rainha Dona Leonor, s/n, Centro, Lumiar"
31292434,https://www.idealista.pt/imovel/31292434/,"Apartamento T2 em Alto do Lumiar - Quinta das Conchas - Quinta do Lambert, Lumiar"
31287394,https://www.idealista.pt/imovel/31287394/,"Apartamento T4, quinta dos Alcoutins, Quinta dos Alcoutins, Lumiar"
31286142,https://www.idealista.pt/imovel/31286142/,"Apartamento T3 na rua jorge segurado, Quinta dos Alcoutins, Lumiar"
31283776,https://www.idealista.pt/imovel/31283776/,"Apartamento T2 na rua André de Gouveia, 8, Carriche - Hospital das Forças Armadas, Lumiar"
31283573,https://www.idealista.pt/imovel/31283573/,"Apartamento T4 em Centro, Lumiar"
31281626,https://www.idealista.pt/imovel/31281626/,"Apartamento T4 em Alto do Lumiar - Quinta das Conchas - Quinta do Lambert, Lumiar"
31280286,https://www.idealista.pt/imovel/31280286/,"Apartamento T1 na rua Alexandre Ferreira, 40, Carriche - Hospital das Forças Armadas, Lumiar"
30474023,https://www.idealista.pt/imovel/30474023/,"Moradia geminada na rua Professor César Oliveira, 21, Telheiras, Lumiar"
31273738,https://www.idealista.pt/imovel/31273738/,"Apartamento T4 em Alto do Lumiar - Quinta das Conchas - Quinta do Lambert, Lumiar"
31271773,https://www.idealista.pt/imovel/31271773/,"Apartamento T3 em Centro, Lumiar"
31269942,https://www.idealista.pt/imovel/31269942/,"Apartamento T4 na rua Professor Delfim Santos, s/n, Telheiras, Lumiar"
31267705,https://www.idealista.pt/imovel/31267705/,"Apartamento T3 em Centro, Lumiar"
31267469,https://www.idealista.pt/imovel/31267469/,"Apartamento T3 na rua Shegundo Galarza, s/n, Alto do Lumiar - Quinta das Conchas - Quinta do Lambert, Lumiar"
31264995,https://www.idealista.pt/imovel/31264995/,"Apartamento T2 em Quinta dos Alcoutins, Lumiar"
31264823,https://www.idealista.pt/imovel/31264823/,"Apartamento T3 na rua Alexandre Ferreira, Carriche - Hospital das Forças Armadas, Lumiar"
31262649,https://www.idealista.pt/imovel/31262649/,"Apartamento T1 em Telheiras, Lumiar"
31258727,https://www.idealista.pt/imovel/31258727/,"Apartamento T1 na rua Luís Piçarra, 7, Alto do Lumiar - Quinta das Conchas - Quinta do Lambert, Lumiar"
31257610,https://www.idealista.pt/imovel/31257610/,"Apartamento T4 em Centro, Lumiar"
31252013,https://www.idealista.pt/imovel/31252013/,"Apartamento T5 em Telheiras, Lumiar"
31250711,https://www.idealista.pt/imovel/31250711/,"Apartamento T4 em Alto do Lumiar - Quinta das Conchas - Quinta do Lambert, Lumiar"
31248136,https://www.idealista.pt/imovel/31248136/,"Apartamento T3 na rua Cipriano Dourado, 18, Centro, Lumiar"
31246491,https://www.idealista.pt/imovel/31246491/,"Duplex na rua Daciano costa, Quinta dos Alcoutins, Lumiar"
31242983,https://www.idealista.pt/imovel/31242983/,"Apartamento T3 na rua padre manuel antunes, 50, Carriche - Hospital das Forças Armadas, Lumiar"
31242994,https://www.idealista.pt/imovel/31242994/,"Apartamento T2 na rua padre manuel antunes, 50, Carriche - Hospital das Forças Armadas, Lumiar"
31242284,https://www.idealista.pt/imovel/31242284/,"Apartamento T4 na rua Professor Orlando Ribeiro, Telheiras, Lumiar"
31240909,https://www.idealista.pt/imovel/31240909/,"Apartamento T5 em Telheiras, Lumiar"
31240783,https://www.idealista.pt/imovel/31240783/,"Apartamento T1 em Quinta dos Alcoutins, Lumiar"
31234600,https://www.idealista.pt/imovel/31234600/,"Apartamento T3 em Quinta dos Alcoutins, Lumiar"
31234591,https://www.idealista.pt/imovel/31234591/,"Apartamento T2 em Quinta dos Alcoutins, Lumiar"
31234474,https://www.idealista.pt/imovel/31234474/,"Apartamento T4 em Alto do Lumiar - Quinta das Conchas - Quinta do Lambert, Lumiar"
31234442,https://www.idealista.pt/imovel/31234442/,"Apartamento T2 em Alto do Lumiar - Quinta das Conchas - Quinta do Lambert, Lumiar"
31234441,https://www.idealista.pt/imovel/31234441/,"Apartamento T3 em Centro, Lumiar"
31233043,https://www.idealista.pt/imovel/31233043/,"Moradia em Telheiras, Lumiar"
31230323,https://www.idealista.pt/imovel/31230323/,"Apartamento T1 em Telheiras, Lumiar"
31232162,https://www.idealista.pt/imovel/31232162/,"Apartamento T3 em Carriche - Hospital das Forças Armadas, Lumiar"
31231580,https://www.idealista.pt/imovel/31231580/,"Apartamento T3 em Telheiras, Lumiar"
31231435,https://www.idealista.pt/imovel/31231435/,"Apartamento T1 na alameda da Música, s/n, Alto do Lumiar - Quinta das Conchas - Quinta do Lambert, Lumiar"
31231018,https://www.idealista.pt/imovel/31231018/,"Apartamento T4 na rua Tomás Del Negro, 7, Alto do Lumiar - Quinta das Conchas - Quinta do Lambert, Lumiar"
31221926,https://www.idealista.pt/imovel/31221926/,"Apartamento T5 em Paço do Lumiar, Lumiar"
31220520,https://www.idealista.pt/imovel/31220520/,"Apartamento T4 na rua Professor Orlando Ribeiro, s/n, Telheiras, Lumiar"
31219665,https://www.idealista.pt/imovel/31219665/,"Apartamento T3 na rua Luís Piçarra, 2, Alto do Lumiar - Quinta das Conchas - Quinta do Lambert, Lumiar"
31218054,https://www.idealista.pt/imovel/31218054/,"Apartamento T3 em Telheiras, Lumiar"
31217755,https://www.idealista.pt/imovel/31217755/,"Apartamento T3 em Centro, Lumiar"
31210540,https://www.idealista.pt/imovel/31210540/,"Apartamento T5 em Quinta dos Alcoutins, Lumiar"
31208554,https://www.idealista.pt/imovel/31208554/,"Apartamento T4 na rua José Travassos, s/n, Centro, Lumiar"
31208555,https://www.idealista.pt/imovel/31208555/,"Apartamento T4 na rua José Travassos, s/n, Centro, Lumiar"
31206634,https://www.idealista.pt/imovel/31206634/,"Apartamento T3 na rua César de Oliveira, Telheiras, Lumiar"
30863013,https://www.idealista.pt/imovel/30863013/,"Apartamento T3 em Alto do Lumiar - Quinta das Conchas - Quinta do Lambert, Lumiar"
31204939,https://www.idealista.pt/imovel/31204939/,"Apartamento T3 em Alto do Lumiar - Quinta das Conchas - Quinta do Lambert, Lumiar"
31201573,https://www.idealista.pt/imovel/31201573/,"Apartamento T3 na rua César de Oliveira, Telheiras, Lumiar"
31200604,https://www.idealista.pt/imovel/31200604/,"Apartamento T2 na rua BELO MARQUES, Alto do Lumiar - Quinta das Conchas - Quinta do Lambert, Lumiar"
31198183,https://www.idealista.pt/imovel/31198183/,"Apartamento T2 na rua André de Gouveia, s/n, Carriche - Hospital das Forças Armadas, Lumiar"
31197861,https://www.idealista.pt/imovel/31197861/,"Moradia em banda na rua Paço do Lumiar, Telheiras, Lumiar"
31194003,https://www.idealista.pt/imovel/31194003/,"Apartamento T2 na rua Daciano Costa, Quinta dos Alcoutins, Lumiar"
31174294,https://www.idealista.pt/imovel/31174294/,"Moradia geminada na rua Professor Queiroz Veloso, Telheiras, Lumiar"
31192803,https://www.idealista.pt/imovel/31192803/,"Apartamento T3 em Alto do Lumiar - Quinta das Conchas - Quinta do Lambert, Lumiar"
31192760,https://www.idealista.pt/imovel/31192760/,"Apartamento T2 em Centro, Lumiar"
31192634,https://www.idealista.pt/imovel/31192634/,"Apartamento T3 na rua Belo Marques, s/n, Alto do Lumiar - Quinta das Conchas - Quinta do Lambert, Lumiar"
31190440,https://www.idealista.pt/imovel/31190440/,"Apartamento T0 em Carriche - Hospital das Forças Armadas, Lumiar"
31190088,https://www.idealista.pt/imovel/31190088/,"Moradia, Praça Professor Rodrigues Lapa, s/n, Telheiras, Lumiar"
31189723,https://www.idealista.pt/imovel/31189723/,"Apartamento T3 em Centro, Lumiar"
31189467,https://www.idealista.pt/imovel/31189467/,"Apartamento T5 em Carriche - Hospital das Forças Armadas, Lumiar"
31188510,https://www.idealista.pt/imovel/31188510/,"Apartamento T4 em Alto do Lumiar - Quinta das Conchas - Quinta do Lambert, Lumiar"
31188097,https://www.idealista.pt/imovel/31188097/,"Apartamento T4 em Centro, Lumiar"
31176217,https://www.idealista.pt/imovel/31176217/,"Apartamento T2 na estrada Desvio no44, 44, Carriche - Hospital das Forças Armadas, Lumiar"
31172025,https://www.idealista.pt/imovel/31172025/,"Duplex na rua Professor Vítor Fontes, 10, Telheiras, Lumiar"
31170738,https://www.idealista.pt/imovel/31170738/,"Apartamento T1, Calçada de Carriche, s/n, Carriche - Hospital das Forças Armadas, Lumiar"
31119032,https://www.idealista.pt/imovel/31119032/,"Moradia independente em Paço do Lumiar, Lumiar"
31168371,https://www.idealista.pt/imovel/31168371/,"Apartamento T2 em Telheiras, Lumiar"
31167338,https://www.idealista.pt/imovel/31167338/,"Apartamento T3 em Telheiras, Lumiar"
31165384,https://www.idealista.pt/imovel/31165384/,"Apartamento T4 em Telheiras, Lumiar"
31165055,https://www.idealista.pt/imovel/31165055/,"Duplex em Carriche - Hospital das Forças Armadas, Lumiar"
31159269,https://www.idealista.pt/imovel/31159269/,"Apartamento T3 na rua Francisco Stromp, Centro, Lumiar"
31157019,https://www.idealista.pt/imovel/31157019/,"Apartamento T3 em Telheiras, Lumiar"
31156896,https://www.idealista.pt/imovel/31156896/,"Apartamento T1 em Telheiras, Lumiar"
31156351,https://www.idealista.pt/imovel/31156351/,"Apartamento T3 na rua Ernesto Costa, s/n, Centro, Lumiar"
31154858,https://www.idealista.pt/imovel/31154858/,"Apartamento T4 em Alto do Lumiar - Quinta das Conchas - Quinta do Lambert, Lumiar"
31151022,https://www.idealista.pt/imovel/31151022/,"Apartamento T4 na rua Professor Manuel Valadares, s/n, Carriche - Hospital das Forças Armadas, Lumiar"
31149813,https://www.idealista.pt/imovel/31149813/,"Apartamento T3 na rua Professor Simões Raposo, Telheiras, Lumiar"
31148703,https://www.idealista.pt/imovel/31148703/,"Apartamento T2 em Telheiras, Lumiar"
31094214,https://www.idealista.pt/imovel/31094214/,"Apartamento T5 em Centro, Lumiar"
31144228,https://www.idealista.pt/imovel/31144228/,"Apartamento T2 em Carriche - Hospital das Forças Armadas, Lumiar"
31143144,https://www.idealista.pt/imovel/31143144/,"Apartamento T5 em Paço do Lumiar, Lumiar"
31133617,https://www.idealista.pt/imovel/31133617/,"Apartamento T4 na rua Ernesto Costa, s/n, Centro, Lumiar"
31132047,https://www.idealista.pt/imovel/31132047/,"Apartamento T4 na rua Tomás Del Negro, 7, Alto do Lumiar - Quinta das Conchas - Quinta do Lambert, Lumiar"
31120810,https://www.idealista.pt/imovel/31120810/,"Apartamento T3 em Centro, Lumiar"
31125620,https://www.idealista.pt/imovel/31125620/,"Apartamento T4 na alameda da Música, s/n, Alto do Lumiar - Quinta das Conchas - Quinta do Lambert, Lumiar"
31122920,https://www.idealista.pt/imovel/31122920/,"Apartamento T4 na rua Actor António Silva, s/n, Centro, Lumiar"
31390932,https://www.idealista.pt/imovel/31390932/,"Apartamento T3 em Alto do Lumiar - Quinta das Conchas - Quinta do Lambert, Lumiar"
31112840,https://www.idealista.pt/imovel/31112840/,"Apartamento T3 em Alto do Lumiar - Quinta das Conchas - Quinta do Lambert, Lumiar"
31112237,https://www.idealista.pt/imovel/31112237/,"Moradia independente na praceta da Quinta do Guarda-Mor, s/n, Telheiras, Lumiar"
31111605,https://www.idealista.pt/imovel/31111605/,"Apartamento T4 em Telheiras, Lumiar"
31100128,https://www.idealista.pt/imovel/31100128/,"Apartamento T3 na rua Professor João Barreira, s/n, Telheiras, Lumiar"
31084596,https://www.idealista.pt/imovel/31084596/,"Apartamento T4 em Telheiras, Lumiar"
31082157,https://www.idealista.pt/imovel/31082157/,"Apartamento T2 na rua André de Gouveia, 5, Carriche - Hospital das Forças Armadas, Lumiar"
31078740,https://www.idealista.pt/imovel/31078740/,"Apartamento T1 em Telheiras, Lumiar"
31077387,https://www.idealista.pt/imovel/31077387/,"Duplex em Carriche - Hospital das Forças Armadas, Lumiar"
31071513,https://www.idealista.pt/imovel/31071513/,"Apartamento T4 em Telheiras, Lumiar"
31070938,https://www.idealista.pt/imovel/31070938/,"Apartamento T3 na rua Alexandre Ferreira, s/n, Carriche - Hospital das Forças Armadas, Lumiar"
31065964,https://www.idealista.pt/imovel/31065964/,"Apartamento T4 em Telheiras, Lumiar"
31061638,https://www.idealista.pt/imovel/31061638/,"Apartamento T4 na alameda das linhas de torres, 62, Alto do Lumiar - Quinta das Conchas - Quinta do Lambert, Lumiar"
31061611,https://www.idealista.pt/imovel/31061611/,"Apartamento T2 na rua Professor Bento de Jesus Caraça, s/n, Telheiras, Lumiar"
31060664,https://www.idealista.pt/imovel/31060664/,"Apartamento T4 em Alto do Lumiar - Quinta das Conchas - Quinta do Lambert, Lumiar"
31052197,https://www.idealista.pt/imovel/31052197/,"Apartamento T2 em Centro, Lumiar"
31047694,https://www.idealista.pt/imovel/31047694/,"Apartamento T3 em Telheiras, Lumiar"
31045512,https://www.idealista.pt/imovel/31045512/,"Apartamento T5 em Paço do Lumiar, Lumiar"
31044391,https://www.idealista.pt/imovel/31044391/,"Apartamento T3, Praça Rainha Santa, s/n, Centro, Lumiar"
31044187,https://www.idealista.pt/imovel/31044187/,"Apartamento T4 na rua TOMAS DEL NEGRO, Alto do Lumiar - Quinta das Conchas - Quinta do Lambert, Lumiar"
31043612,https://www.idealista.pt/imovel/31043612/,"Apartamento T3 em Telheiras, Lumiar"
31042810,https://www.idealista.pt/imovel/31042810/,"Apartamento T2 em Alto do Lumiar - Quinta das Conchas - Quinta do Lambert, Lumiar"
31033804,https://www.idealista.pt/imovel/31033804/,"Apartamento T4 em Telheiras, Lumiar"
31032400,https://www.idealista.pt/imovel/31032400/,"Apartamento T5 em Paço do Lumiar, Lumiar"
31028840,https://www.idealista.pt/imovel/31028840/,"Apartamento T2 em Alto do Lumiar - Quinta das Conchas - Quinta do Lambert, Lumiar"
31025646,https://www.idealista.pt/imovel/31025646/,"Apartamento T1 em Centro, Lumiar"
31017686,https://www.idealista.pt/imovel/31017686/,"Apartamento T2 em Alto do Lumiar - Quinta das Conchas - Quinta do Lambert, Lumiar"
31016108,https://www.idealista.pt/imovel/31016108/,"Apartamento T3 na rua Daciano Costa, s/n, Quinta dos Alcoutins, Lumiar"
31013943,https://www.idealista.pt/imovel/31013943/,"Apartamento T4 em Alto do Lumiar - Quinta das Conchas - Quinta do Lambert, Lumiar"
31004244,https://www.idealista.pt/imovel/31004244/,"Apartamento T3, quinta das Conchas, Alto do Lumiar - Quinta das Conchas - Quinta do Lambert, Lumiar"
31004225,https://www.idealista.pt/imovel/31004225/,"Apartamento T3 em Telheiras, Lumiar"
30996028,https://www.idealista.pt/imovel/30996028/,"Apartamento T2 em Carriche - Hospital das Forças Armadas, Lumiar"
30998888,https://www.idealista.pt/imovel/30998888/,"Apartamento T4 na estrada Paço do Lumiar, s/n, Paço do Lumiar, Lumiar"
30992305,https://www.idealista.pt/imovel/30992305/,"Apartamento T3 em Telheiras, Lumiar"
30991092,https://www.idealista.pt/imovel/30991092/,"Apartamento T2 na rua Daciano Costa, 24, Quinta dos Alcoutins, Lumiar"
30991061,https://www.idealista.pt/imovel/30991061/,"Apartamento T4 na rua Daciano Costa, 24, Quinta dos Alcoutins, Lumiar"
30988623,https://www.idealista.pt/imovel/30988623/,"Apartamento T4 na rua Daciano Costa, 22, Quinta dos Alcoutins, Lumiar"
30988622,https://www.idealista.pt/imovel/30988622/,"Apartamento T3 na rua Daciano Costa, 24, Quinta dos Alcoutins, Lumiar"
30988610,https://www.idealista.pt/imovel/30988610/,"Apartamento T3 na rua Daciano Costa, 22, Quinta dos Alcoutins, Lumiar"
30988609,https://www.idealista.pt/imovel/30988609/,"Apartamento T3 na rua Daciano Costa, 22, Quinta dos Alcoutins, Lumiar"
30987318,https://www.idealista.pt/imovel/30987318/,"Apartamento T3 na rua Daciano Costa, 22, Quinta dos Alcoutins, Lumiar"
30983107,https://www.idealista.pt/imovel/30983107/,"Apartamento T4 na rua Daciano Costa, 24, Quinta dos Alcoutins, Lumiar"
30977076,https://www.idealista.pt/imovel/30977076/,"Apartamento T3 em Alto do Lumiar - Quinta das Conchas - Quinta do Lambert, Lumiar"
30976418,https://www.idealista.pt/imovel/30976418/,"Apartamento T3 em Telheiras, Lumiar"
30974181,https://www.idealista.pt/imovel/30974181/,"Apartamento T4 em Alto do Lumiar - Quinta das Conchas - Quinta do Lambert, Lumiar"
30972145,https://www.idealista.pt/imovel/30972145/,"Apartamento T3 na rua Professor Moisés Amzalak, 12, Telheiras, Lumiar"
30970846,https://www.idealista.pt/imovel/30970846/,"Apartamento T3 na rua Fernando Vaz, 1750, Alto do Lumiar - Quinta das Conchas - Quinta do Lambert, Lumiar"
30956655,https://www.idealista.pt/imovel/30956655/,"Penthouse em Quinta dos Alcoutins, Lumiar"
30958228,https://www.idealista.pt/imovel/30958228/,"Apartamento T4 em Alto do Lumiar - Quinta das Conchas - Quinta do Lambert, Lumiar"
30957364,https://www.idealista.pt/imovel/30957364/,"Apartamento T3 na rua Professor Simões Raposo, Telheiras, Lumiar"
30929904,https://www.idealista.pt/imovel/30929904/,"Moradia geminada em Telheiras, Lumiar"
30954921,https://www.idealista.pt/imovel/30954921/,"Apartamento T3 em Telheiras, Lumiar"
30941172,https://www.idealista.pt/imovel/30941172/,"Apartamento T5 em Alto do Lumiar - Quinta das Conchas - Quinta do Lambert, Lumiar"
30940176,https://www.idealista.pt/imovel/30940176/,"Apartamento T4 em Alto do Lumiar - Quinta das Conchas - Quinta do Lambert, Lumiar"
30933822,https://www.idealista.pt/imovel/30933822/,"Apartamento T2 em Quinta dos Alcoutins, Lumiar"
30931428,https://www.idealista.pt/imovel/30931428/,"Apartamento T4 em Centro, Lumiar"
30926927,https://www.idealista.pt/imovel/30926927/,"Apartamento T4 em Alto do Lumiar - Quinta das Conchas - Quinta do Lambert, Lumiar"
31463347,https://www.idealista.pt/imovel/31463347/,"Apartamento T2 em Quinta dos Alcoutins, Lumiar"
30924230,https://www.idealista.pt/imovel/30924230/,"Apartamento T4 na rua Joaquim Agostinho, Alto do Lumiar - Quinta das Conchas - Quinta do Lambert, Lumiar"
30919329,https://www.idealista.pt/imovel/30919329/,"Apartamento T4 em Telheiras, Lumiar"
30917727,https://www.idealista.pt/imovel/30917727/,"Apartamento T4 na rua Professor Manuel Valadares, Carriche - Hospital das Forças Armadas, Lumiar"
30914704,https://www.idealista.pt/imovel/30914704/,"Apartamento T3 na rua Ladislau Patrício, 2, Alto do Lumiar - Quinta das Conchas - Quinta do Lambert, Lumiar"
30796220,https://www.idealista.pt/imovel/30796220/,"Moradia independente em Paço do Lumiar, Lumiar"
30913608,https://www.idealista.pt/imovel/30913608/,"Apartamento T2 na rua Alexandre Ferreira, 40, Carriche - Hospital das Forças Armadas, Lumiar"
30092064,https://www.idealista.pt/imovel/30092064/,"Apartamento T3 em Telheiras, Lumiar"
30897811,https://www.idealista.pt/imovel/30897811/,"Apartamento T5, Telheiras, s/n, Telheiras, Lumiar"
30897646,https://www.idealista.pt/imovel/30897646/,"Apartamento T3 na rua Ladislau Patrício, 2, Alto do Lumiar - Quinta das Conchas - Quinta do Lambert, Lumiar"
30898076,https://www.idealista.pt/imovel/30898076/,"Apartamento T5 na rua Professor Vieira de Almeida, Telheiras, Lumiar"
30890081,https://www.idealista.pt/imovel/30890081/,"Apartamento T2 em Carriche - Hospital das Forças Armadas, Lumiar"
30750735,https://www.idealista.pt/imovel/30750735/,"Apartamento T3 em Telheiras, Lumiar"
30868301,https://www.idealista.pt/imovel/30868301/,"Apartamento T7 em Telheiras, Lumiar"
30858723,https://www.idealista.pt/imovel/30858723/,"Apartamento T4 em Alto do Lumiar - Quinta das Conchas - Quinta do Lambert, Lumiar"
30857851,https://www.idealista.pt/imovel/30857851/,"Apartamento T2 em Quinta dos Alcoutins, Lumiar"
30855196,https://www.idealista.pt/imovel/30855196/,"Apartamento T4, R. Actor António Silva, Centro, Lumiar"
30456503,https://www.idealista.pt/imovel/30456503/,"Moradia em Centro, Lumiar"
30843418,https://www.idealista.pt/imovel/30843418/,"Apartamento T3 em Telheiras, Lumiar"
31485266,https://www.idealista.pt/imovel/31485266/,"Apartamento T1 em Quinta dos Alcoutins, Lumiar"
30823446,https://www.idealista.pt/imovel/30823446/,"Apartamento T2 em Alto do Lumiar - Quinta das Conchas - Quinta do Lambert, Lumiar"
30823047,https://www.idealista.pt/imovel/30823047/,"Apartamento T4 em Alto do Lumiar - Quinta das Conchas - Quinta do Lambert, Lumiar"
30822819,https://www.idealista.pt/imovel/30822819/,"Apartamento T3 em Telheiras, Lumiar"
30811650,https://www.idealista.pt/imovel/30811650/,"Apartamento T4 em Alto do Lumiar - Quinta das Conchas - Quinta do Lambert, Lumiar"
30805443,https://www.idealista.pt/imovel/30805443/,"Apartamento T2 em Carriche - Hospital das Forças Armadas, Lumiar"
30799080,https://www.idealista.pt/imovel/30799080/,"Apartamento T3 em Telheiras, Lumiar"
30798764,https://www.idealista.pt/imovel/30798764/,"Apartamento T1 em Alto do Lumiar - Quinta das Conchas - Quinta do Lambert, Lumiar"
30794831,https://www.idealista.pt/imovel/30794831/,"Apartamento T3 em Carriche - Hospital das Forças Armadas, Lumiar"
30783837,https://www.idealista.pt/imovel/30783837/,"Apartamento T3 em Telheiras, Lumiar"
30497164,https://www.idealista.pt/imovel/30497164/,"Penthouse em Alto do Lumiar - Quinta das Conchas - Quinta do Lambert, Lumiar"
30766533,https://www.idealista.pt/imovel/30766533/,"Apartamento T4 em Paço do Lumiar, Lumiar"
30747621,https://www.idealista.pt/imovel/30747621/,"Apartamento T3 na rua Professora Virgínia Rau, 13, Telheiras, Lumiar"
30745262,https://www.idealista.pt/imovel/30745262/,"Apartamento T0 na rua António Lopes Ribeiro, 3, Alto do Lumiar - Quinta das Conchas - Quinta do Lambert, Lumiar"
30741808,https://www.idealista.pt/imovel/30741808/,"Apartamento T3 em Alto do Lumiar - Quinta das Conchas - Quinta do Lambert, Lumiar"
30721084,https://www.idealista.pt/imovel/30721084/,"Apartamento T2 em Alto do Lumiar - Quinta das Conchas - Quinta do Lambert, Lumiar"
30706691,https://www.idealista.pt/imovel/30706691/,"Apartamento T2 na rua Luís Pastor de Macedo, 30, Alto do Lumiar - Quinta das Conchas - Quinta do Lambert, Lumiar"
30705943,https://www.idealista.pt/imovel/30705943/,"Apartamento T1 em Telheiras, Lumiar"
30700358,https://www.idealista.pt/imovel/30700358/,"Palácio na estrada do Paço do Lumiar, Paço do Lumiar, Lumiar"
30695107,https://www.idealista.pt/imovel/30695107/,"Apartamento T4 em Centro, Lumiar"
30664667,https://www.idealista.pt/imovel/30664667/,"Apartamento T4 em Centro, Lumiar"
30661872,https://www.idealista.pt/imovel/30661872/,"Apartamento T5 em Quinta dos Alcoutins, Lumiar"
30618770,https://www.idealista.pt/imovel/30618770/,"Apartamento T3 em Centro, Lumiar"
30641707,https://www.idealista.pt/imovel/30641707/,"Apartamento T3 na rua Azinhaga das Travessas Lumiar, Paço do Lumiar, Lumiar"
30635879,https://www.idealista.pt/imovel/30635879/,"Apartamento T3 em Telheiras, Lumiar"
30610685,https://www.idealista.pt/imovel/30610685/,"Apartamento T2 em Centro, Lumiar"
30600796,https://www.idealista.pt/imovel/30600796/,"Apartamento T3 em Alto do Lumiar - Quinta das Conchas - Quinta do Lambert, Lumiar"
28057151,https://www.idealista.pt/imovel/28057151/,"Moradia em banda em Paço do Lumiar, Lumiar"
30579198,https://www.idealista.pt/imovel/30579198/,"Apartamento T3 em Telheiras, Lumiar"
30567581,https://www.idealista.pt/imovel/30567581/,"Apartamento T3 em Alto do Lumiar - Quinta das Conchas - Quinta do Lambert, Lumiar"
30530657,https://www.idealista.pt/imovel/30530657/,"Apartamento T3 em Alto do Lumiar - Quinta das Conchas - Quinta do Lambert, Lumiar"
30512065,https://www.idealista.pt/imovel/30512065/,"Apartamento T3 em Carriche - Hospital das Forças Armadas, Lumiar"
30527980,https://www.idealista.pt/imovel/30527980/,"Moradia geminada na rua do Lumiar, s/n, Carriche - Hospital das Forças Armadas, Lumiar"
30527434,https://www.idealista.pt/imovel/30527434/,"Apartamento T3 em Telheiras, Lumiar"
30459951,https://www.idealista.pt/imovel/30459951/,"Apartamento T3 em Alto do Lumiar - Quinta das Conchas - Quinta do Lambert, Lumiar"
30456017,https://www.idealista.pt/imovel/30456017/,"Apartamento T3 em Telheiras, Lumiar"
30404041,https://www.idealista.pt/imovel/30404041/,"Apartamento T5 em Paço do Lumiar, Lumiar"
30389388,https://www.idealista.pt/imovel/30389388/,"Apartamento T5 na rua Maurício de Vasconcelos, 1, Quinta dos Alcoutins, Lumiar"
30383446,https://www.idealista.pt/imovel/30383446/,"Apartamento T3 em Carriche - Hospital das Forças Armadas, Lumiar"
30381173,https://www.idealista.pt/imovel/30381173/,"Apartamento T1 na alameda das Linhas de Torres, s/n, Alto do Lumiar - Quinta das Conchas - Quinta do Lambert, Lumiar"
30365026,https://www.idealista.pt/imovel/30365026/,"Apartamento T3 em Quinta dos Alcoutins, Lumiar"
30349845,https://www.idealista.pt/imovel/30349845/,"Apartamento T3 em Telheiras, Lumiar"
30299334,https://www.idealista.pt/imovel/30299334/,"Apartamento T4 em Telheiras, Lumiar"
30294518,https://www.idealista.pt/imovel/30294518/,"Apartamento T2 em Carriche - Hospital das Forças Armadas, Lumiar"
30295792,https://www.idealista.pt/imovel/30295792/,"Apartamento T3 em Telheiras, Lumiar"
30293193,https://www.idealista.pt/imovel/30293193/,"Apartamento T4 em Centro, Lumiar"
30265385,https://www.idealista.pt/imovel/30265385/,"Herdade em Paço do Lumiar, Lumiar"
30261702,https://www.idealista.pt/imovel/30261702/,"Penthouse em Alto do Lumiar - Quinta das Conchas - Quinta do Lambert, Lumiar"
30252061,https://www.idealista.pt/imovel/30252061/,"Apartamento T4 em Alto do Lumiar - Quinta das Conchas - Quinta do Lambert, Lumiar"
29977063,https://www.idealista.pt/imovel/29977063/,"Andar de moradia em Telheiras, Lumiar"
30230589,https://www.idealista.pt/imovel/30230589/,"Apartamento T4 em Paço do Lumiar, Lumiar"
30218193,https://www.idealista.pt/imovel/30218193/,"Apartamento T3 na rua José Travassos, s/n, Centro, Lumiar"
30218213,https://www.idealista.pt/imovel/30218213/,"Apartamento T3 na rua José Travassos, s/n, Centro, Lumiar"
30218212,https://www.idealista.pt/imovel/30218212/,"Apartamento T4 na rua José Travassos, s/n, Centro, Lumiar"
30155649,https://www.idealista.pt/imovel/30155649/,"Moradia independente em Paço do Lumiar, Lumiar"
30155648,https://www.idealista.pt/imovel/30155648/,"Moradia independente em Paço do Lumiar, Lumiar"
30092069,https://www.idealista.pt/imovel/30092069/,"Apartamento T7 em Telheiras, Lumiar"
30030083,https://www.idealista.pt/imovel/30030083/,"Moradia em banda na rua Alexandre Ferreira, s/n, Carriche - Hospital das Forças Armadas, Lumiar"
30030096,https://www.idealista.pt/imovel/30030096/,"Moradia em banda na rua Alexandre Ferreira, s/n, Carriche - Hospital das Forças Armadas, Lumiar"
30030095,https://www.idealista.pt/imovel/30030095/,"Moradia em banda na rua Alexandre Ferreira, s/n, Carriche - Hospital das Forças Armadas, Lumiar"
30003813,https://www.idealista.pt/imovel/30003813/,"Apartamento T4 em Alto do Lumiar - Quinta das Conchas - Quinta do Lambert, Lumiar"
29954542,https://www.idealista.pt/imovel/29954542/,"Apartamento T5 em Telheiras, Lumiar"
29710053,https://www.idealista.pt/imovel/29710053/,"Apartamento T3 em Telheiras, Lumiar"
29838593,https://www.idealista.pt/imovel/29838593/,"Palácio em Paço do Lumiar, Lumiar"
29656144,https://www.idealista.pt/imovel/29656144/,"Apartamento T2 em Carriche - Hospital das Forças Armadas, Lumiar"
28564421,https://www.idealista.pt/imovel/28564421/,"Apartamento T3, Praça Rainha Santa, Centro, Lumiar"
29059459,https://www.idealista.pt/imovel/29059459/,"Apartamento T6 na avenida Rainha Dona Amélia, 52, Centro, Lumiar"
29026018,https://www.idealista.pt/imovel/29026018/,"Moradia independente em Paço do Lumiar, Lumiar"
29025283,https://www.idealista.pt/imovel/29025283/,"Apartamento T4 na rua Jorge Segurado, s/n, Quinta dos Alcoutins, Lumiar"
29018672,https://www.idealista.pt/imovel/29018672/,"Apartamento T2 em Carriche - Hospital das Forças Armadas, Lumiar"
28832450,https://www.idealista.pt/imovel/28832450/,"Apartamento T3 na rua Fernando Namora, 3, Telheiras, Lumiar"
28451293,https://www.idealista.pt/imovel/28451293/,"Moradia em Paço do Lumiar, Lumiar"
